model,configuration,n_channels,cv_accuracy,cv_auc,indirect_accuracy
Binary (full suite),full_suite,10,0.9457364341085271,0.9892251815980629,1.0
Binary (higacc + pressure),higacc_plus_pressure,4,0.937984496124031,0.9858353510895883,0.9130434782608695
Binary (higacc only),higacc_only,3,0.9341085271317829,0.986682808716707,0.9130434782608695
