configuration,description,n_channels,cv_accuracy,cv_auc,sensitivity,specificity,precision,f1_score,direct_accuracy,indirect_accuracy
higacc_only,High-acceleration only (3 channels),3,0.9581589958158996,0.9878066378066378,0.9191919191919192,0.9857142857142858,0.978494623655914,0.9479166666666667,0.9565217391304348,0.8333333333333334
higacc_plus_pressure,High-acceleration + Pressure (4 channels),4,0.9456066945606695,0.9831890331890332,0.898989898989899,0.9785714285714285,0.967391304347826,0.9319371727748692,0.9420289855072463,0.8
full_suite,Full sensor suite (10 channels),10,0.9581589958158996,0.9878066378066379,0.9191919191919192,0.9857142857142858,0.978494623655914,0.9479166666666667,0.9420289855072463,0.8666666666666667
