{
  "model": "MiniRocket + RidgeClassifierCV (Binary)",
  "n_samples": 239,
  "n_strikes": 99,
  "n_no_strikes": 140,
  "strike_rate": 0.41422594142259417,
  "class_weight": 1.4141414141414141,
  "n_channels": 7,
  "max_sequence_length": 401,
  "cross_validation": {
    "n_folds": 5,
    "mean_auc": 0.9570864661654135,
    "mean_accuracy": 0.9120567375886525,
    "mean_sensitivity": 0.8894736842105264,
    "mean_specificity": 0.9285714285714285,
    "mean_precision": 0.9018986861092124,
    "mean_f1": 0.8934992264902405,
    "std_auc": 0.026650900680742554,
    "std_accuracy": 0.036059444840361346,
    "std_sensitivity": 0.05777499578973721,
    "std_specificity": 0.05050762722761054,
    "std_precision": 0.06637164268613495,
    "std_f1": 0.04377224061191934
  },
  "out_of_fold_performance": {
    "roc_auc": 0.9568542568542568,
    "pr_auc": 0.9516770548821191,
    "overall_accuracy": 0.9079497907949791,
    "sensitivity": 0.8585858585858586,
    "specificity": 0.9428571428571428,
    "precision": 0.9139784946236559,
    "f1_score": 0.8854166666666665,
    "optimal_threshold": 0.4937686160544804,
    "confusion_matrix": {
      "tn": 132,
      "fp": 8,
      "fn": 14,
      "tp": 85
    }
  },
  "performance_by_strike_type": {
    "direct_strike": {
      "n_files": 69,
      "accuracy": 0.8985507246376812
    },
    "indirect_strike": {
      "n_files": 30,
      "accuracy": 0.7666666666666667
    },
    "no_contact": {
      "n_files": 140,
      "accuracy": 0.9428571428571428
    }
  },
  "misclassified": {
    "total": 22,
    "false_positives": 8,
    "false_negatives": 14
  }
}