{
  "model": "MiniRocket + RidgeClassifierCV (Binary)",
  "n_samples": 258,
  "n_strikes": 118,
  "n_no_strikes": 140,
  "strike_rate": 0.4573643410852713,
  "class_weight": 1.1864406779661016,
  "n_channels": 10,
  "max_sequence_length": 401,
  "channels": [
    "higacc_x_g",
    "higacc_y_g",
    "higacc_z_g",
    "inacc_x_ms",
    "inacc_y_ms",
    "inacc_z_ms",
    "rot_x_degs",
    "rot_y_degs",
    "rot_z_degs",
    "pressure_kpa"
  ],
  "cross_validation": {
    "n_folds": 5,
    "mean_auc": 0.990916149068323,
    "mean_accuracy": 0.9728506787330315,
    "mean_sensitivity": 0.975,
    "mean_specificity": 0.9714285714285715,
    "mean_precision": 0.9676666666666668,
    "mean_f1": 0.97037874354182,
    "std_auc": 0.00550892807143484,
    "std_accuracy": 0.009548238030477435,
    "std_sensitivity": 0.03333333333333334,
    "std_specificity": 0.026726124191242425,
    "std_precision": 0.03002961501214721,
    "std_f1": 0.010594869412836312
  },
  "out_of_fold_performance": {
    "roc_auc": 0.989043583535109,
    "pr_auc": 0.9867407670757072,
    "overall_accuracy": 0.9457364341085271,
    "sensitivity": 0.9491525423728814,
    "specificity": 0.9428571428571428,
    "precision": 0.9333333333333333,
    "f1_score": 0.9411764705882353,
    "mcc": 0.9377513386849615,
    "FNR": 0.05084745762711865,
    "FPR": 0.05714285714285714,
    "optimal_threshold": 0.460177015624206,
    "confusion_matrix": {
      "tn": 132,
      "fp": 8,
      "fn": 6,
      "tp": 112
    }
  },
  "performance_by_strike_type": {
    "leading_direct": {
      "n_files": 70,
      "accuracy": 0.9857142857142858
    },
    "leading_indirect": {
      "n_files": 23,
      "accuracy": 1.0
    },
    "no_contact": {
      "n_files": 140,
      "accuracy": 0.9428571428571428
    },
    "other_impeller_hub": {
      "n_files": 18,
      "accuracy": 0.9444444444444444
    },
    "other_impeller_surface": {
      "n_files": 7,
      "accuracy": 0.42857142857142855
    }
  },
  "misclassified": {
    "total": 14,
    "false_positives": 8,
    "false_negatives": 6
  }
}