{
  "model": "MiniRocket + RidgeClassifierCV (Binary)",
  "n_samples": 239,
  "n_strikes": 99,
  "n_no_strikes": 140,
  "strike_rate": 0.41422594142259417,
  "class_weight": 1.4141414141414141,
  "n_channels": 10,
  "max_sequence_length": 401,
  "cross_validation": {
    "n_folds": 5,
    "mean_auc": 0.9868796992481202,
    "mean_accuracy": 0.9622340425531914,
    "mean_sensitivity": 0.9289473684210525,
    "mean_specificity": 0.9857142857142858,
    "mean_precision": 0.9783625730994151,
    "mean_f1": 0.9527446474814896,
    "std_auc": 0.00907927815832888,
    "std_accuracy": 0.024573534210045052,
    "std_sensitivity": 0.04083613629741225,
    "std_specificity": 0.01749635530559412,
    "std_precision": 0.026516453915215534,
    "std_f1": 0.03083343984301399
  },
  "out_of_fold_performance": {
    "roc_auc": 0.9877344877344878,
    "pr_auc": 0.9856654692123248,
    "overall_accuracy": 0.9581589958158996,
    "sensitivity": 0.9191919191919192,
    "specificity": 0.9857142857142858,
    "precision": 0.978494623655914,
    "f1_score": 0.9479166666666667,
    "optimal_threshold": 0.4821023033600721,
    "confusion_matrix": {
      "tn": 138,
      "fp": 2,
      "fn": 8,
      "tp": 91
    }
  },
  "performance_by_strike_type": {
    "direct_strike": {
      "n_files": 69,
      "accuracy": 0.9420289855072463
    },
    "indirect_strike": {
      "n_files": 30,
      "accuracy": 0.8666666666666667
    },
    "no_contact": {
      "n_files": 140,
      "accuracy": 0.9857142857142858
    }
  },
  "misclassified": {
    "total": 10,
    "false_positives": 2,
    "false_negatives": 8
  }
}