{
  "model": "MiniRocket + Ridge Classifier",
  "num_kernels": 10000,
  "n_channels": 10,
  "max_sequence_length": 401,
  "n_features": 99960,
  "training": {
    "n_samples": 175,
    "n_strikes": 74,
    "n_no_strikes": 101,
    "strike_rate": 0.4228571428571429,
    "class_weight": 1.364864864864865,
    "best_alpha": 215.44346900318823
  },
  "test": {
    "n_samples": 83,
    "n_strikes": 37,
    "n_no_strikes": 46,
    "strike_rate": 0.4457831325301205
  },
  "performance": {
    "roc_auc": 0.9764982373678026,
    "pr_auc": 0.974433678411605,
    "optimal_threshold": 0.47295457124710083,
    "default_threshold": {
      "threshold": 0.5,
      "confusion_matrix": [
        [
          43,
          3
        ],
        [
          5,
          32
        ]
      ],
      "accuracy": 0.9036144578313253,
      "tp": 32,
      "fp": 3,
      "fn": 5,
      "tn": 43
    },
    "optimized_threshold": {
      "threshold": 0.47295457124710083,
      "confusion_matrix": [
        [
          43,
          3
        ],
        [
          4,
          33
        ]
      ],
      "accuracy": 0.9156626506024096,
      "tp": 33,
      "fp": 3,
      "fn": 4,
      "tn": 43
    }
  }
}